USE project;

INSERT INTO authors (author_id, author_name, date_of_birth, biography, nationality)
VALUES 	(1, 	'Dale Carnegie', 		'1888-11-24', 	'Tác giả người Mỹ chuyên viết về kỹ năng sống',									'Mỹ'),
		(2, 	'J.K. Rowling',  		'1965-07-31', 	'Nhà văn người Anh, tác giả series Harry Potter', 								'Anh'),
		(3, 	'Paulo Coelho',  		'1947-08-24', 	'Nhà văn người Brazil nổi tiếng với các tiểu thuyết tâm linh', 					'Brazil'),
		(4, 	'Arthur Conan Doyle',   '1859-05-22', 	'Cha đẻ của thám tử Sherlock Holmes', 											'Scotland'),
		(5, 	'Xuân Quỳnh', 			'1942-10-06', 	'Nữ thi sĩ Việt Nam nổi tiếng với thơ tình', 									'Việt Nam'),
		(6, 	'Neil deGrasse Tyson', 	'1958-10-05', 	'Nhà thiên văn học và tác giả khoa học phổ thông', 								'Mỹ'),
		(7, 	'Fujiko F. Fujio', 		'1933-12-01', 	'Họa sĩ truyện tranh Nhật Bản', 												'Nhật Bản'),
		(8, 	'Will Durant', 			'1885-11-05', 	'Sử gia và triết gia người Mỹ', 												'Mỹ'),
		(9, 	'Gustave Le Bon', 		'1841-05-07', 	'Nhà tâm lý học xã hội người Pháp', 											'Pháp'),
		(10, 	'Victor Hugo', 			'1802-02-26', 	'Đại văn hào Pháp', 															'Pháp'),
		(11, 	'Nguyễn Thị Diệu Thảo', '1975-03-15', 	'Đầu bếp và tác giả ẩm thực', 													'Việt Nam'),
		(12, 	'Trần Đăng Khoa', 		'1980-06-20', 	'Nhà văn và nhà báo du lịch', 													'Việt Nam'),
		(13, 	'Marie Kondo', 			'1984-10-09', 	'Chuyên gia về sự ngăn nắp người Nhật', 										'Nhật Bản'),
		(14, 	'Thích Nhất Hạnh', 		'1926-10-11', 	'Thiền sư và tác giả về triết học Phật giáo', 									'Việt Nam'),
		(15, 	'Nguyễn Phong Việt', 	'1980-08-08', 	'Nhà thơ trẻ chuyên viết về tình yêu', 											'Việt Nam'),
		(16, 	'Dan Brown', 			'1964-06-22', 	'Tác giả tiểu thuyết trinh thám nổi tiếng', 									'Mỹ'),
		(17, 	'Eric Ries', 			'1978-09-22', 	'Doanh nhân và tác giả sách khởi nghiệp', 										'Mỹ'),
		(18, 	'Betty Edwards', 		'1926-06-15', 	'Giáo sư nghệ thuật và tác giả sách hội họa', 									'Mỹ'),
		(19, 	'Leo Tolstoy', 			'1828-09-09', 	'Đại văn hào Nga', 																'Nga'),
		(20, 	'Stephen Hawking', 		'1942-01-08', 	'Nhà vật lý lý thuyết và tác giả khoa học', 									'Anh'),       
		(21, 	'Richard H. Thaler', 	'1945-09-12', 	'Nhà kinh tế học hành vi nổi tiếng với các nghiên cứu về lý thuyết hành vi', 	'Mỹ'),
		(22, 	'Cass R. Sunstein', 	'1954-09-21', 	'Giáo sư luật pháp và tác giả sách về kinh tế học hành vi', 					'Mỹ'),
		(23, 	'Kai-Fu Lee', 			'1961-12-03', 	'Nhà khoa học và tác giả sách về trí tuệ nhân tạo', 							'Trung Quốc'),
		(24, 	'John Artman', 			'1970-04-15', 	'Nhà văn và biên tập viên trong lĩnh vực công nghệ', 							'Mỹ'),
		(25, 	'Yuval Noah Harari', 	'1976-02-24', 	'Sử gia và tác giả sách khoa học viễn tưởng', 									'Israel'),
		(26, 	'Eric Ries', 			'1978-09-22', 	'Doanh nhân và tác giả sách khởi nghiệp nổi tiếng', 							'Mỹ'),
		(27, 	'Nguyễn Nhật Ánh', 		'1955-05-07', 	'Nhà văn nổi tiếng với các tác phẩm văn học thiếu nhi', 						'Việt Nam'),
		(28, 	'Spencer Johnson', 		'1938-11-24', 	'Tác giả sách về kỹ năng sống và phát triển bản thân', 							'Mỹ'),
		(29, 	'Kenneth Blanchard', 	'1939-05-06', 	'Chuyên gia tư vấn và tác giả sách quản lý', 									'Mỹ'),
		(30, 	'Vũ Anh Tuấn', 			'1960-10-12', 	'Dịch giả và nhà nghiên cứu văn hóa', 											'Việt Nam');

INSERT INTO categories (category_id, category_name, description)
VALUES (1, 'Tiểu thuyết', 			'Sách có nội dung hư cấu và nhân vật giả tưởng.'),
       (2, 'Phi hư cấu', 			'Sách dựa trên thông tin thực tế và sự kiện có thật.'),
       (3, 'Khoa học viễn tưởng', 	'Sách khám phá các ý tưởng tương lai và công nghệ.'),
       (4, 'Kỳ ảo', 				'Sách có yếu tố phép thuật và thế giới huyền bí.'),
       (5, 'Lãng mạn', 				'Sách tập trung vào các mối quan hệ tình cảm.'),
       (6, 'Trinh thám', 			'Sách xoay quanh việc phá án hoặc khám phá bí mật.'),
       (7, 'Hồi hộp', 				'Sách đầy kịch tính và tình huống căng thẳng.'),
       (8, 'Tiểu thuyết lịch sử', 	'Sách lấy bối cảnh các thời kỳ lịch sử kèm yếu tố hư cấu.'),
       (9, 'Tâm lý', 				'Sách về các vấn đề tâm lý và cảm xúc của con người.'),
       (10, 'Kinh dị', 				'Sách gây sợ hãi và hồi hộp.'),
       (11, 'Hài hước', 			'Sách mang tính giải trí và hài hước.'),
       (12, 'Truyện thiếu nhi', 	'Sách dành cho trẻ em với nội dung nhẹ nhàng, ý nghĩa.'),
       (13, 'Sách giáo dục', 		'Sách cung cấp kiến thức và kỹ năng học thuật.'),
       (14, 'Hướng dẫn kỹ năng', 	'Sách hướng dẫn về các kỹ năng sống và làm việc.'),
       (15, 'Tự truyện', 			'Sách kể về cuộc đời của một cá nhân.'),
       (16, 'Thơ ca', 				'Tập hợp các bài thơ và tác phẩm văn học.'),
       (17, 'Sách nghệ thuật', 		'Sách về nghệ thuật, hội họa, và thiết kế.'),
       (18, 'Triết học', 			'Sách về các chủ đề triết học và tư duy nhân sinh.'),
       (19, 'Nấu ăn', 				'Sách hướng dẫn nấu ăn và công thức món ăn.'),
       (20, 'Sách du lịch', 		'Sách hướng dẫn và khám phá địa điểm du lịch.');

INSERT INTO publishers (publisher_id, publisher_name, contact, address)
VALUES (1, 		'Nhà xuất bản Kim Đồng',  				'0243 123 4567', 	'Số 123, Phố Lê Duẩn, Hà Nội'),
       (2, 		'Nhà xuất bản Trẻ',						'0283 654 3210', 	'Số 89, Đường Nguyễn Văn Cừ, TP. Hồ Chí Minh'),
       (3, 		'Nhà xuất bản Thanh Niên', 				'0243 876 5432', 	'Số 45, Phố Mai Hắc Đế, Hà Nội'),
       (4, 		'Nhà xuất bản Hồng Đức', 				'0283 333 4444', 	'Số 78, Đường Lý Thường Kiệt, TP. Hồ Chí Minh'),
       (5, 		'Nhà xuất bản Đại học Quốc gia Hà Nội', '0243 567 8901', 	'Số 144, Đường Xuân Thủy, Hà Nội'),
       (6, 		'Nhà xuất bản Phụ Nữ', 					'0283 222 6666', 	'Số 112, Đường Nguyễn Thị Minh Khai, TP. Hồ Chí Minh'),
       (7, 		'Nhà xuất bản Dân Trí', 				'0243 111 2222', 	'Số 256, Phố Trần Phú, Hà Nội'),
       (8, 		'Nhà xuất bản Từ điển Bách khoa', 		'0283 999 8888', 	'Số 66, Đường Cách Mạng Tháng 8, TP. Hồ Chí Minh'),
       (9, 		'Nhà xuất bản Sáng tạo', 				'0243 345 6789', 	'Số 12, Phố Giải Phóng, Hà Nội'),
       (10, 	'Nhà xuất bản Văn Học', 				'0283 567 1234', 	'Số 58, Đường Nguyễn Huệ, TP. Hồ Chí Minh'),
       (11, 	'Nhà xuất bản Lao Động', 				'0243 222 3333', 	'Số 44, Phố Cầu Giấy, Hà Nội'),
       (12, 	'Nhà xuất bản Hương Giang', 			'0283 555 4444', 	'Số 300, Đường Nguyễn Lương Bằng, TP. Hồ Chí Minh'),
       (13, 	'Nhà xuất bản Thế Giới', 				'0243 678 9012', 	'Số 25, Đường Lê Hồng Phong, Hà Nội'),
       (14, 	'Nhà xuất bản Kim Sa', 					'0283 333 9999', 	'Số 102, Đường Phan Văn Trị, TP. Hồ Chí Minh'),
       (15, 	'Nhà xuất bản Văn Khoa', 				'0243 444 5555', 	'Số 90, Phố Nguyễn Chí Thanh, Hà Nội'),
       (16, 	'Nhà xuất bản Tri Thức', 				'0283 777 6666', 	'Số 120, Đường Võ Thị Sáu, TP. Hồ Chí Minh'),
       (17, 	'Nhà xuất bản Nhã Nam', 				'0243 988 1122', 	'Số 99, Phố Láng Hạ, Hà Nội'),
       (18, 	'Nhà xuất bản Thời Đại', 				'0283 111 7777', 	'Số 35, Đường Phan Đình Phùng, TP. Hồ Chí Minh'),
       (19, 	'Nhà xuất bản Tự Do', 					'0243 333 4444', 	'Số 15, Đường Tràng Tiền, Hà Nội'),
       (20, 	'Nhà xuất bản Khoa Học', 				'0283 888 9999', 	'Số 65, Đường Nguyễn Tất Thành, TP. Hồ Chí Minh');

INSERT INTO books (book_id, book_name, category_id, publisher_id, buy_price, stock, description)
VALUES 	(1, 	'Đắc Nhân Tâm',						14, 	1,		150000, 	100,	'Cuốn sách về nghệ thuật đối nhân xử thế'),
		(2, 	'Harry Potter và Hòn đá Phù thủy', 	4, 		2, 		180000, 	150,	'Phần đầu series Harry Potter'),
		(3, 	'Nhà Giả Kim', 						1, 		3, 		120000, 	80, 	'Câu chuyện về hành trình tìm kiếm ý nghĩa cuộc sống'),
		(4, 	'Sherlock Holmes', 					6, 		4, 		200000, 	120, 	'Tuyển tập truyện trinh thám'),
		(5, 	'Dấu chân trên cát', 				16, 	5, 		90000, 		60, 	'Tập thơ về tình yêu và cuộc sống'),
		(6, 	'Vũ trụ trong lòng bàn tay', 		2, 		6, 		160000, 	70, 	'Sách về khoa học vũ trụ'),
		(7, 	'Doraemon', 						12, 	7, 		140000, 	200, 	'Truyện tranh thiếu nhi nổi tiếng'),
		(8, 	'Lịch sử văn minh thế giới', 		8, 		8, 		250000, 	40, 	'Sách về lịch sử các nền văn minh'),
		(9, 	'Tâm lý học đám đông', 				9, 		9, 		170000, 	90, 	'Nghiên cứu về tâm lý học xã hội'),
		(10, 	'Những người khốn khổ', 			8, 		10, 	130000, 	60, 	'Tiểu thuyết lịch sử nổi tiếng'),
		(11, 	'Đồ ăn Việt Nam', 					19, 	11, 	110000, 	100, 	'Sách dạy nấu các món ăn Việt'),
		(12, 	'Du lịch Châu Á', 					20, 	12, 	190000, 	50, 	'Hướng dẫn du lịch các nước Châu Á'),
		(13, 	'Nghệ thuật tối giản', 				14, 	13, 	220000, 	80, 	'Sách về lối sống tối giản'),
		(14, 	'Triết học Phương Đông', 			18, 	14, 	160000, 	40, 	'Giới thiệu về triết học phương Đông'),
		(15, 	'Hoa vẽ trên tường', 				5, 		15, 	140000, 	70, 	'Tiểu thuyết lãng mạn'),
		(16, 	'Mật mã Da Vinci', 					6, 		16, 	180000, 	110, 	'Tiểu thuyết trinh thám'),
		(17, 	'Khởi nghiệp thông minh', 			14, 	17, 	150000, 	60, 	'Sách hướng dẫn khởi nghiệp'),
		(18, 	'Nghệ thuật vẽ tranh', 				17, 	18, 	130000, 	50, 	'Sách hướng dẫn vẽ'),
		(19, 	'Chiến tranh và Hòa bình', 			8, 		19, 	200000, 	30, 	'Tiểu thuyết lịch sử'),
		(20, 	'Vũ trụ song song', 				3, 		20, 	170000, 	90, 	'Tiểu thuyết khoa học viễn tưởng'),
		(21, 	'Nhà Giả Kim', 						1, 		10, 	89000, 		50, 	'Hành trình khám phá ước mơ của cậu bé chăn cừu.'),
		(22, 	'Valkyries', 						1, 		10, 	120000, 	30, 	'Hành trình tâm linh và những thử thách của đức tin.'),
		(23, 	'Brida', 							1, 		10, 	130000, 	40, 	'Hành trình tìm kiếm ý nghĩa cuộc đời của một người phụ nữ trẻ.'),
		(24, 	'The Zahir', 						1, 		10, 	150000, 	20, 	'Câu chuyện về sự tự do và tình yêu đích thực.'),
		(25, 	'Aleph',							1, 		2, 		140000, 	25, 	'Một chuyến du hành qua không gian và thời gian.'),
		(26, 	'Cú Hích', 							14, 	2, 		320000, 	15, 	'Áp dụng kinh tế học vào cuộc sống thường nhật.'),
		(27, 	'Tương Lai Của Trí Tuệ Nhân Tạo', 	13, 	20, 	500000, 	10, 	'Tác động của AI lên xã hội và con người.'),
		(28, 	'Homo Deus',						13, 	13, 	350000, 	20, 	'Tương lai loài người khi công nghệ thống trị.'),
		(29, 	'Khởi Nghiệp Tinh Gọn', 			14, 	2, 		300000, 	30, 	'Phương pháp phát triển sản phẩm hiệu quả.'),
		(30, 	'Người Tìm Đường', 					14, 	11, 	250000, 	25, 	'Tìm lối thoát và ý nghĩa trong cuộc sống.'),
		(31, 	'Tôi Thấy Hoa Vàng Trên Cỏ Xanh', 	1, 		2, 		120000, 	50, 	'Cuộc sống tuổi thơ đầy cảm xúc của trẻ em miền quê.'),
		(32, 	'Kính Vạn Hoa', 					12, 	2, 		80000, 		70, 	'Những câu chuyện hài hước, đáng yêu của tuổi học trò.'),
		(33, 	'Chúc Một Ngày Tốt Lành', 			12, 	2, 		90000, 		60, 	'Một câu chuyện đáng yêu giữa loài vật và con người.'),
		(34, 	'Cô Gái Đến Từ Hôm Qua', 			1, 		2, 		100000, 	40, 	'Tình yêu học trò ngây ngô và trong sáng.'),
		(35, 	'Mắt Biếc', 						1, 		2, 		150000, 	35, 	'Một câu chuyện tình yêu đầy tiếc nuối.');

INSERT INTO users (user_id, username, password, email, date_created, role, reports_to)
VALUES (1, 		'tranhongviet', 	'admin123', 	'thv@bookstore.com', 	'2023-01-01', 		'Chủ tịch', 		NULL),
       (2, 		'caominhquang', 	'mng123', 		'cmq@bookstore.com', 	'2023-01-15', 		'Quản lý', 			1),
       (3, 		'nguyenminhquan', 	'mng456', 		'nmq@bookstore.com', 	'2023-01-20', 		'Quản lý', 			1),
       (4, 		'tanguyenthanh', 	'staff123', 	'tnt@bookstore.com', 	'2023-02-01', 		'Nhân viên', 		2),
       (5, 		'hoangson', 		'staff456', 	'hs@bookstore.com', 	'2023-02-05', 		'Nhân viên', 		2),
       (6, 		'nguyencongtrinh', 	'staff789', 	'nct@bookstore.com', 	'2023-02-10', 		'Nhân viên', 		2),
       (7, 		'nguyencongvinh', 	'staff321', 	'ncv@bookstore.com', 	'2023-02-15', 		'Nhân viên', 		3),
	   (8, 		'duonglykhanhha', 	'staff654', 	'dlkh@bookstore.com', 	'2023-04-20', 		'Nhân viên', 		3),
       (9, 		'tranhoangmaianh', 	'staff987', 	'thma@bookstore.com', 	'2023-04-25', 		'Nhân viên', 		3),
       (10, 	'phamminhtu', 		'user123', 		'pmt@email.com', 		'2023-03-01', 		'Khách hàng', 		4),
       (11, 	'hoangminhquyen', 	'user456', 		'hmq@email.com', 		'2023-03-05', 		'Khách hàng', 		4),
       (12, 	'vuvantoi', 		'user789', 		'vvt@email.com', 		'2023-03-10', 		'Khách hàng', 		5),
       (13, 	'nguyennangthinh', 	'user321', 		'nnt@email.com', 		'2023-03-15', 		'Khách hàng', 		5),
       (14, 	'maiphananhtung', 	'user654', 		'mpat@email.com', 		'2023-03-20', 		'Khách hàng', 		6),
       (15, 	'kieuquoccong', 	'user987', 		'kqc@email.com', 		'2023-03-25', 		'Khách hàng', 		6),
       (16, 	'doanquanghuy', 	'user147', 		'dqh@email.com', 		'2023-04-01', 		'Khách hàng', 		7),
       (17, 	'holeduong', 		'user258', 		'hld@email.com', 		'2023-04-05', 		'Khách hàng', 		7),
       (18, 	'dangminhnguyet', 	'user369', 		'dmn@email.com', 		'2023-04-10', 		'khách hàng', 		8),
       (19, 	'tagiangthuyloan', 	'user159', 		'tgtl@email.com', 		'2023-04-15', 		'khách hàng', 		8),
       (20, 	'caohuonggiang', 	'user852', 		'chg@email.com', 		'2023-05-01', 		'khách hàng', 		9);

INSERT INTO coupons (coupon_id, coupon_name, discount, start_date, end_date, stock)
VALUES (1, 		'WELCOME2024', 		0.15, 	'2024-01-01', 	'2024-01-31', 	100),
       (2, 		'SPRING2024', 		0.20, 	'2024-02-01', 	'2024-02-29', 	50),
       (3, 		'SUMMER50', 		0.50, 	'2024-06-01', 	'2024-06-30', 	30),
       (4, 		'BOOKWEEK', 		0.25, 	'2024-03-15', 	'2024-03-22', 	200),
       (5, 		'FLASH10', 			0.10, 	'2024-04-01', 	'2024-04-03', 	150),
       (6, 		'HOLIDAY30', 		0.30, 	'2024-12-20', 	'2024-12-31', 	80),
       (7, 		'BACKTOSCHOOL', 	0.35, 	'2024-08-15', 	'2024-09-15', 	120),
       (8, 		'READER2024', 		0.15, 	'2024-01-01', 	'2024-12-31', 	500),
       (9, 		'VIP40', 			0.40, 	'2024-05-01', 	'2024-05-07', 	25),
       (10, 	'BLACKFRIDAY', 		0.60, 	'2024-11-25', 	'2024-11-26', 	100);
       
INSERT INTO reviews (review_id, user_id, book_id, comment, rating, review_date)
VALUES (1, 		8, 		1, 		'Sách rất hay và bổ ích, giúp tôi cải thiện kỹ năng giao tiếp', 5, '2023-06-01'),
       (2, 		8, 		2, 		'Câu chuyện cuốn hút từ đầu đến cuối', 							5, '2023-06-02'),
       (3, 		9, 		3, 		'Một cuốn sách đầy ý nghĩa về hành trình khám phá bản thân', 	4, '2023-06-03'),
       (4, 		10, 	4, 		'Những vụ án ly kỳ và hấp dẫn', 								5, '2023-06-04'),
       (5, 		11, 	5, 		'Thơ hay và sâu lắng', 											4, '2023-06-05'),
       (6, 		12, 	7, 		'Truyện tranh vui nhộn, phù hợp cho trẻ em', 					5, '2023-06-06'),
       (7, 		13, 	10, 	'Tác phẩm kinh điển, đáng đọc', 								5, '2023-06-07'),
       (8, 		14, 	12, 	'Hướng dẫn du lịch chi tiết và hữu ích', 						4, '2023-06-08'),
       (9, 		15, 	15, 	'Câu chuyện tình cảm nhẹ nhàng', 								3, '2023-06-09'),
       (10, 	16, 	16, 	'Cốt truyện gay cấn, lôi cuốn', 								5, '2023-06-10'),
       (11, 	17, 	18, 	'Sách hướng dẫn vẽ dễ hiểu', 									4, '2023-06-11'),
       (12, 	20, 	20, 	'Nội dung khoa học thú vị', 									4, '2023-06-12');

INSERT INTO orders (order_id, user_id, coupon_id, order_date, required_date, shipped_date, status)
VALUES (1, 		8, 		1, 		'2024-01-05', 	'2024-01-08', 	'2024-01-07', 	'Đã giao'),
       (2, 		9, 		1, 		'2024-01-06', 	'2024-01-09', 	'2024-01-08', 	'Đã giao'),
       (3, 		10, 	2, 		'2024-02-01', 	'2024-02-04', 	'2024-02-03', 	'Đã giao'),
       (4, 		11, 	NULL, 	'2024-02-15', 	'2024-02-18', 	'2024-02-17', 	'Đã giao'),
       (5, 		12, 	4, 		'2024-03-16', 	'2024-03-19', 	NULL, 			'Đang giao'),
       (6, 		13, 	4, 		'2024-03-17', 	'2024-03-20', 	'2024-03-19', 	'Đã giao'),
       (7, 		14, 	5, 		'2024-04-01', 	'2024-04-04', 	'2024-04-03', 	'Đã giao'),
       (8, 		15, 	NULL, 	'2024-04-02', 	'2024-04-05', 	NULL, 			'Đã hủy'),
       (9, 		16, 	9, 		'2024-05-02', 	'2024-05-05', 	'2024-05-04', 	'Đã giao'),
       (10, 	17, 	9, 		'2024-05-03', 	'2024-05-06', 	NULL, 			'Đang giao'),
       (11, 	8, 		NULL, 	'2024-01-15', 	'2024-01-18', 	'2024-01-17', 	'Đã giao'),
       (12, 	9, 		2, 		'2024-02-10', 	'2024-02-13', 	'2024-02-12', 	'Đã giao'),
       (13, 	10, 	4, 		'2024-03-18', 	'2024-03-21', 	'2024-03-20', 	'Đã giao'),
       (14, 	11, 	5, 		'2024-04-02', 	'2024-04-05', 	NULL, 			'Đang giao'),
       (15, 	12, 	NULL, 	'2024-01-20', 	'2024-01-23', 	'2024-01-22', 	'Đã giao');

INSERT INTO book_author (book_id, author_id, publication_date, role, notes)
VALUES 	(1, 	1, 		'1936-10-01', 	'Tác giả', 			'Tác giả chính của sách'),
		(2, 	2, 		'1997-06-26', 	'Tác giả', 			'Tác giả chính của series Harry Potter'),
		(3, 	3, 		'1988-01-01', 	'Tác giả', 			'Tác giả chính của Nhà Giả Kim'),
		(4, 	4, 		'1887-11-01', 	'Tác giả', 			'Tác giả của loạt truyện Sherlock Holmes'),
		(5, 	5, 		'1964-01-01', 	'Tác giả', 			'Tác giả nổi tiếng của thơ tình Việt Nam'),
		(6, 	6, 		'2012-03-01', 	'Tác giả', 			'Nhà thiên văn học nổi tiếng'),
		(7, 	7, 		'1969-12-01', 	'Tác giả', 			'Tác giả truyện tranh Nhật Bản Doraemon'),
		(8, 	8, 		'1935-01-01', 	'Tác giả', 			'Tác giả sách lịch sử nổi tiếng'),
		(9, 	9, 		'1895-01-01', 	'Tác giả', 			'Tác giả sách tâm lý học xã hội'),
		(10, 	10,		'1862-01-01', 	'Tác giả', 			'Đại văn hào Pháp'),
		(11, 	11,		'2005-01-01', 	'Tác giả', 			'Tác giả nổi tiếng về ẩm thực Việt Nam'),
		(12, 	12,		'2018-01-01', 	'Tác giả', 			'Nhà báo du lịch'),
		(13, 	13,		'2010-01-01', 	'Tác giả', 			'Tác giả sách nghệ thuật sắp xếp ngăn nắp'),
		(14, 	14,		'1995-01-01', 	'Tác giả', 			'Tác giả triết học Phật giáo'),
		(15, 	15,		'2015-01-01', 	'Tác giả', 			'Nhà thơ trẻ nổi tiếng'),
		(16, 	16,		'2003-03-18', 	'Tác giả', 			'Tác giả nổi tiếng với các tiểu thuyết trinh thám'),
		(17, 	17,		'2011-09-01', 	'Tác giả', 			'Tác giả sách khởi nghiệp nổi tiếng'),
		(18, 	18,		'1979-01-01', 	'Tác giả', 			'Tác giả sách hướng dẫn hội họa'),
		(19, 	19,		'1869-01-01', 	'Tác giả', 			'Tác giả vĩ đại của văn học Nga'),
		(20, 	20,		'2010-01-01', 	'Tác giả', 			'Nhà vật lý lý thuyết nổi tiếng'),
		(21, 	3, 		'1993-01-01', 	'Tác giả', 			'Tiểu thuyết của Paulo Coelho'),
		(22, 	3, 		'1992-01-01', 	'Tác giả', 			'Sách khám phá tâm linh của Paulo Coelho'),
		(23, 	3, 		'1990-01-01', 	'Tác giả', 			'Tiểu thuyết về cuộc sống của Paulo Coelho'),
		(24, 	3, 		'2005-01-01', 	'Tác giả', 			'Sách viết về tự do và tình yêu của Paulo Coelho'),
		(25, 	3, 		'2010-01-01', 	'Tác giả', 			'Tiểu thuyết mang tính tâm linh và triết học của Paulo Coelho'),
		(26, 	21, 	'2008-04-01', 	'Đồng tác giả', 	'Cùng hợp tác nghiên cứu với Cass R. Sunstein'),
		(26, 	22, 	'2008-04-01', 	'Đồng tác giả', 	'Đồng tác giả sách về kinh tế học hành vi'),
		(27, 	23, 	'2018-09-01', 	'Tác giả', 			'Tác giả về trí tuệ nhân tạo'),
		(28, 	25, 	'2015-01-01', 	'Tác giả', 			'Tác giả nổi tiếng của Homo Deus'),
		(29, 	17, 	'2011-09-01', 	'Tác giả', 			'Cuốn sách kinh điển về khởi nghiệp tinh gọn'),
		(30, 	30, 	'2017-01-01', 	'Dịch giả', 		'Dịch giả văn hóa nổi tiếng của Việt Nam'),
		(31, 	27, 	'1989-01-01', 	'Tác giả', 			'Nhà văn chuyên viết truyện thiếu nhi Việt Nam'),
		(32, 	27, 	'1992-01-01', 	'Tác giả', 			'Tác giả nổi tiếng của Kính Vạn Hoa'),
		(33, 	27, 	'2014-01-01', 	'Tác giả', 			'Truyện ngắn nổi tiếng của Nguyễn Nhật Ánh'),
		(34, 	27, 	'1990-01-01', 	'Tác giả', 			'Tác giả chuyên viết về tuổi học trò Việt Nam'),
		(35, 	27, 	'1994-01-01', 	'Tác giả', 			'Câu chuyện tình yêu nổi tiếng của Nguyễn Nhật Ánh');

INSERT INTO carts (user_id, book_id, add_date, notes)
VALUES 	(10, 	1, 		'2024-12-01', 	'Mua cho quà sinh nhật'),
		(10, 	3, 		'2024-12-01', 	'Sách về triết lý cuộc sống'),
		(11, 	5, 		'2024-12-02', 	'Thêm sách cho bộ sưu tập thơ'),
		(12, 	6, 		'2024-12-02', 	'Đọc để hiểu thêm về khoa học vũ trụ'),
		(13, 	7, 		'2024-12-03', 	'Cho con đọc truyện Doraemon'),
		(13, 	10,		'2024-12-03', 	'Sách lịch sử nên tìm đọc'),
		(14, 	12,		'2024-12-04', 	'Chuyến đi châu Á sắp tới'),
		(14, 	13,		'2024-12-04', 	'Lối sống tối giản tôi đang tìm hiểu'),
		(15, 	16,		'2024-12-05', 	'Đọc sách trinh thám vào cuối tuần'),
		(15, 	19,		'2024-12-05', 	'Tiểu thuyết lịch sử hấp dẫn'),
		(16, 	9, 		'2024-12-06', 	'Muốn hiểu thêm về tâm lý học xã hội'),
		(17, 	14, 	'2024-12-06', 	'Khám phá triết học phương Đông'),
		(17, 	17, 	'2024-12-07', 	'Cần học hỏi về khởi nghiệp'),
		(17, 	18, 	'2024-12-07', 	'Học vẽ để thư giãn'),
		(18, 	20, 	'2024-12-08', 	'Sách khoa học viễn tưởng để giải trí'),
		(18, 	21, 	'2024-12-08', 	'Học về tương lai nhân loại'),
		(19, 	22, 	'2024-12-09', 	'Khám phá tâm linh và thử thách đức tin'),
		(19, 	23, 	'2024-12-09', 	'Tìm hiểu về cuộc sống của người phụ nữ trẻ'),
		(19, 	25, 	'2024-12-09', 	'Cuốn sách về du hành không gian thú vị'),
		(19, 	28, 	'2024-12-09', 	'Tương lai của nhân loại trong kỷ nguyên công nghệ'),
		(20, 	29, 	'2024-12-09', 	'Sách về khởi nghiệp tinh gọn cho doanh nhân'),
		(20, 	30, 	'2024-12-09', 	'Tìm kiếm ý nghĩa cuộc sống trong thế giới hiện đại');

INSERT INTO orderdetails (order_id, book_id, quantity_ordered, price_each)
VALUES  (1, 	1, 		2, 		170000),
		(1, 	3, 		1, 		130000),
		(2, 	2, 		3, 		200000),
		(2, 	4, 		2, 		220000),
		(3, 	5, 		5, 		100000),
		(3, 	6, 		1, 		180000),
		(4, 	7, 		4, 		170000),  
		(4, 	9, 		3, 		190000),
		(5, 	10, 	2, 		160000),
		(5, 	12, 	1, 		210000), 
		(6, 	13, 	3, 		240000),
		(6, 	14, 	1, 		200000),
		(7, 	15, 	2, 		160000),
		(7, 	17, 	1, 		170000),
		(8, 	16, 	1, 		200000), 
		(8, 	18, 	3, 		150000),
		(9, 	19, 	1, 		220000),
		(9, 	20, 	2, 		200000),
		(10, 	21, 	3, 		110000),
		(10, 	22, 	1, 		160000), 
		(10, 	23, 	2, 		150000); 
